Ticker,Name,Window,Passed,Signal_Level,Signal_Rank,Pass_Reason,Reject_Reason,Failed_Conditions,Conditions_Passed,Weekly_MA2_Warning,SMA25_Above_SMA75,SMA75_Up,Drop_OK,Return_OK,Green_Band_OK,Pull_Before_Latest,Rebound_Confirmed,Yellow_Band_OK,Weekly_MA2_OK,Peak_Date,Peak_High,Pullback_Date,Pullback_Low,Latest_Date,Latest_Close,Prev_Close,Return_%,Drop_From_Peak_%,Delta_from_Pull_%,SMA25,SMA75,SMA75_10d_Ago,"Within_(pull, +2%]","Within_(pull, +5%]",Data_Rows
8804.T,東京建物,60,False,,0,,SMA25<=SMA75,SMA25<=SMA75,6,False,False,True,True,True,True,True,True,True,True,2026-07-28,3542.0,2026-09-24,3223.0,2026-09-30,3279.0,3243.0,8.02,7.43,1.74,3348.44,3359.44,3349.67,True,True,
8804.T,東京建物,30,False,,0,,SMA25<=SMA75,SMA25<=SMA75,6,False,False,True,True,True,True,True,True,True,True,2026-09-01,3481.0,2026-09-24,3223.0,2026-09-30,3279.0,3243.0,6.16,5.8,1.74,3348.44,3359.44,3349.67,True,True,
9201.T,JAL,30,False,,0,,Return<3%,Return<3%,6,False,True,True,True,False,True,True,True,False,True,2026-09-25,3115.0,2026-09-29,3008.0,2026-09-30,3069.0,3012.0,1.5,1.48,2.03,3022.62,2956.63,2903.82,False,True,
8601.T,大和証G,60,False,,0,,反発未確認かつ押し目安値+2%外,反発未確認かつ押し目安値+2%外 | 押し目日が最新日,6,True,True,True,True,True,True,False,True,False,False,2026-09-04,1898.0,2026-09-30,1772.5,2026-09-30,1809.0,1786.0,4.92,4.69,2.06,1833.2,1768.31,1727.66,False,True,
8601.T,大和証G,30,False,,0,,反発未確認かつ押し目安値+2%外,反発未確認かつ押し目安値+2%外 | 押し目日が最新日,6,True,True,True,True,True,True,False,True,False,False,2026-09-04,1898.0,2026-09-30,1772.5,2026-09-30,1809.0,1786.0,4.92,4.69,2.06,1833.2,1768.31,1727.66,False,True,
9064.T,ヤマトHD,30,False,,0,,Return<3%,Return<3%,6,False,True,True,True,False,True,True,True,False,True,2026-09-28,2048.0,2026-09-29,1986.0,2026-09-30,2027.0,1999.0,1.04,1.03,2.06,1971.26,1940.35,1913.12,False,True,
7211.T,三菱自,60,False,,0,,反発未確認かつ押し目安値+2%外,反発未確認かつ押し目安値+2%外 | 前日終値超えなし,6,True,True,True,True,True,True,True,False,False,False,2026-09-01,406.3,2026-09-09,343.8,2026-09-30,351.1,354.6,15.72,13.59,2.12,368.99,353.45,351.31,False,True,
7211.T,三菱自,30,False,,0,,反発未確認かつ押し目安値+2%外,反発未確認かつ押し目安値+2%外 | 前日終値超えなし,6,True,True,True,True,True,True,True,False,False,False,2026-09-01,406.3,2026-09-09,343.8,2026-09-30,351.1,354.6,15.72,13.59,2.12,368.99,353.45,351.31,False,True,
8604.T,野村HD,60,False,,0,,反発未確認かつ押し目安値+2%外,反発未確認かつ押し目安値+2%外 | 押し目日が最新日,6,True,True,True,True,True,True,False,True,False,False,2026-09-14,1688.0,2026-09-30,1518.5,2026-09-30,1551.0,1529.5,8.83,8.12,2.14,1613.62,1543.53,1509.23,False,True,
8604.T,野村HD,30,False,,0,,反発未確認かつ押し目安値+2%外,反発未確認かつ押し目安値+2%外 | 押し目日が最新日,6,True,True,True,True,True,True,False,True,False,False,2026-09-14,1688.0,2026-09-30,1518.5,2026-09-30,1551.0,1529.5,8.83,8.12,2.14,1613.62,1543.53,1509.23,False,True,
9532.T,大阪ガス,60,False,,0,,反発未確認かつ押し目安値+2%外,反発未確認かつ押し目安値+2%外 | 押し目日が最新日,6,True,True,True,True,True,True,False,True,False,False,2026-09-16,6259.0,2026-09-30,5624.0,2026-09-30,5751.0,5670.0,8.83,8.12,2.26,5852.0,5581.84,5513.8,False,True,
9532.T,大阪ガス,30,False,,0,,反発未確認かつ押し目安値+2%外,反発未確認かつ押し目安値+2%外 | 押し目日が最新日,6,True,True,True,True,True,True,False,True,False,False,2026-09-16,6259.0,2026-09-30,5624.0,2026-09-30,5751.0,5670.0,8.83,8.12,2.26,5852.0,5581.84,5513.8,False,True,
9202.T,ANAHD,60,False,,0,,SMA25<=SMA75,SMA25<=SMA75,6,False,False,True,True,True,True,True,True,False,True,2026-07-29,3221.0,2026-09-11,2932.0,2026-09-30,3001.0,2950.0,7.33,6.83,2.35,3000.82,3030.85,3012.35,False,True,
9202.T,ANAHD,30,False,,0,,SMA25<=SMA75,SMA25<=SMA75,6,False,False,True,True,True,True,True,True,False,True,2026-08-17,3128.0,2026-09-11,2932.0,2026-09-30,3001.0,2950.0,4.23,4.06,2.35,3000.82,3030.85,3012.35,False,True,
9009.T,京成,60,False,,0,,反発未確認かつ押し目安値+2%外,反発未確認かつ押し目安値+2%外 | 押し目日が最新日,6,True,True,True,True,True,True,False,True,False,False,2026-09-14,1426.5,2026-09-30,1304.5,2026-09-30,1335.5,1324.0,6.81,6.38,2.38,1362.34,1266.95,1227.2,False,True,
9009.T,京成,30,False,,0,,反発未確認かつ押し目安値+2%外,反発未確認かつ押し目安値+2%外 | 押し目日が最新日,6,True,True,True,True,True,True,False,True,False,False,2026-09-14,1426.5,2026-09-30,1304.5,2026-09-30,1335.5,1324.0,6.81,6.38,2.38,1362.34,1266.95,1227.2,False,True,
8031.T,三井物産,60,False,,0,,反発未確認かつ押し目安値+2%外,反発未確認かつ押し目安値+2%外 | 押し目日が最新日,6,True,True,True,True,True,True,False,True,False,False,2026-09-03,5333.0,2026-09-30,4811.0,2026-09-30,4930.0,4829.0,8.17,7.56,2.47,5059.12,4855.56,4854.11,False,True,
8031.T,三井物産,30,False,,0,,反発未確認かつ押し目安値+2%外,反発未確認かつ押し目安値+2%外 | 押し目日が最新日,6,True,True,True,True,True,True,False,True,False,False,2026-09-03,5333.0,2026-09-30,4811.0,2026-09-30,4930.0,4829.0,8.17,7.56,2.47,5059.12,4855.56,4854.11,False,True,
2501.T,サッポロHD,30,False,,0,,SMA25<=SMA75,SMA25<=SMA75,6,True,False,True,True,True,True,True,True,False,False,2026-08-17,2060.0,2026-09-28,1771.5,2026-09-30,1817.0,1800.0,13.37,11.8,2.57,1863.18,1919.52,1888.51,False,True,
1928.T,積水ハウス,60,False,,0,,SMA25<=SMA75,SMA25<=SMA75,6,False,False,True,True,True,True,True,True,False,True,2026-07-29,3767.0,2026-09-10,3276.0,2026-09-30,3361.0,3317.0,12.08,10.78,2.59,3386.76,3413.13,3402.87,False,True,
1928.T,積水ハウス,30,False,,0,,SMA25<=SMA75,SMA25<=SMA75,6,False,False,True,True,True,True,True,True,False,True,2026-08-25,3528.0,2026-09-10,3276.0,2026-09-30,3361.0,3317.0,4.97,4.73,2.59,3386.76,3413.13,3402.87,False,True,
8697.T,日取所,60,False,,0,,Return<3%,Return<3%,6,False,True,True,True,False,True,True,True,False,True,2026-09-25,2363.5,2026-09-29,2235.0,2026-09-30,2297.5,2250.0,2.87,2.79,2.8,2240.46,2203.51,2170.91,False,True,
8697.T,日取所,30,False,,0,,Return<3%,Return<3%,6,False,True,True,True,False,True,True,True,False,True,2026-09-25,2363.5,2026-09-29,2235.0,2026-09-30,2297.5,2250.0,2.87,2.79,2.8,2240.46,2203.51,2170.91,False,True,
5019.T,,60,False,,0,,反発未確認かつ押し目安値+2%外,反発未確認かつ押し目安値+2%外 | 押し目日が最新日,6,True,True,True,True,True,True,False,True,False,False,2026-09-10,1708.5,2026-09-30,1547.0,2026-09-30,1590.5,1586.0,7.42,6.91,2.81,1543.18,1365.88,1329.06,False,True,
5019.T,,30,False,,0,,反発未確認かつ押し目安値+2%外,反発未確認かつ押し目安値+2%外 | 押し目日が最新日,6,True,True,True,True,True,True,False,True,False,False,2026-09-10,1708.5,2026-09-30,1547.0,2026-09-30,1590.5,1586.0,7.42,6.91,2.81,1543.18,1365.88,1329.06,False,True,
2768.T,双日,60,False,,0,,反発未確認かつ押し目安値+2%外,反発未確認かつ押し目安値+2%外 | 押し目日が最新日,6,True,True,True,True,True,True,False,True,False,False,2026-09-18,5949.0,2026-09-30,5516.0,2026-09-30,5672.0,5560.0,4.88,4.66,2.83,5732.44,5462.0,5386.65,False,True,
2768.T,双日,30,False,,0,,反発未確認かつ押し目安値+2%外,反発未確認かつ押し目安値+2%外 | 押し目日が最新日,6,True,True,True,True,True,True,False,True,False,False,2026-09-18,5949.0,2026-09-30,5516.0,2026-09-30,5672.0,5560.0,4.88,4.66,2.83,5732.44,5462.0,5386.65,False,True,
9531.T,東ガス,60,False,,0,,SMA75下向き,SMA75下向き,6,True,True,False,True,True,True,True,True,False,False,2026-09-17,6515.0,2026-09-29,6014.0,2026-09-30,6190.0,6075.0,5.25,4.99,2.93,6223.4,6147.08,6147.44,False,True,
9531.T,東ガス,30,False,,0,,SMA75下向き,SMA75下向き,6,True,True,False,True,True,True,True,True,False,False,2026-09-17,6515.0,2026-09-29,6014.0,2026-09-30,6190.0,6075.0,5.25,4.99,2.93,6223.4,6147.08,6147.44,False,True,
4021.T,日産化,30,False,,0,,Return<3%,Return<3%,6,False,True,True,True,False,True,True,True,False,True,2026-09-18,8371.0,2026-09-29,8089.0,2026-09-30,8336.0,8191.0,0.42,0.42,3.05,8095.68,8002.25,7892.97,False,True,
7911.T,凸版印刷,60,False,,0,,Drop>15%,Drop>15%,6,False,True,True,False,True,True,True,True,False,True,2026-08-14,2814.5,2026-09-15,2292.0,2026-09-30,2362.5,2339.5,19.13,16.06,3.08,2451.84,2447.75,2421.83,False,True,
6326.T,クボタ,60,False,,0,,SMA75下向き,SMA75下向き,6,False,True,False,True,True,True,True,True,False,True,2026-09-03,3087.0,2026-09-29,2678.0,2026-09-30,2763.5,2707.5,11.71,10.48,3.19,2829.76,2769.73,2780.5,False,True,
6326.T,クボタ,30,False,,0,,SMA75下向き,SMA75下向き,6,False,True,False,True,True,True,True,True,False,True,2026-09-03,3087.0,2026-09-29,2678.0,2026-09-30,2763.5,2707.5,11.71,10.48,3.19,2829.76,2769.73,2780.5,False,True,
5233.T,太平洋セメ,60,False,,0,,SMA75下向き,SMA75下向き,6,True,True,False,True,True,True,True,True,False,False,2026-08-06,4380.0,2026-09-11,3979.0,2026-09-30,4107.0,4037.0,6.65,6.23,3.22,4163.8,4137.4,4163.45,False,True,
5233.T,太平洋セメ,30,False,,0,,SMA75下向き,SMA75下向き,6,True,True,False,True,True,True,True,True,False,False,2026-08-17,4353.0,2026-09-11,3979.0,2026-09-30,4107.0,4037.0,5.99,5.65,3.22,4163.8,4137.4,4163.45,False,True,
8058.T,三菱商事,60,False,,0,,SMA75下向き,SMA75下向き,6,True,True,False,True,True,True,True,True,False,False,2026-09-03,5123.0,2026-09-29,4620.0,2026-09-30,4769.0,4637.0,7.42,6.91,3.23,4879.68,4715.81,4719.41,False,True,
8058.T,三菱商事,30,False,,0,,SMA75下向き,SMA75下向き,6,True,True,False,True,True,True,True,True,False,False,2026-09-03,5123.0,2026-09-29,4620.0,2026-09-30,4769.0,4637.0,7.42,6.91,3.23,4879.68,4715.81,4719.41,False,True,
8354.T,ふくおかFG,60,False,,0,,Return<3%,Return<3%,6,False,True,True,True,False,True,True,True,False,True,2026-09-28,8060.0,2026-09-29,7733.0,2026-09-30,7988.0,7753.0,0.9,0.89,3.3,7800.12,7467.48,7309.76,False,True,
8354.T,ふくおかFG,30,False,,0,,Return<3%,Return<3%,6,False,True,True,True,False,True,True,True,False,True,2026-09-28,8060.0,2026-09-29,7733.0,2026-09-30,7988.0,7753.0,0.9,0.89,3.3,7800.12,7467.48,7309.76,False,True,
8002.T,丸紅,60,False,,0,,SMA75下向き,SMA75下向き,6,True,True,False,True,True,True,True,True,False,False,2026-07-27,5479.0,2026-09-29,4670.0,2026-09-30,4824.0,4719.0,13.58,11.95,3.3,4988.8,4975.63,4983.75,False,True,
8002.T,丸紅,30,False,,0,,SMA75下向き,SMA75下向き,6,True,True,False,True,True,True,True,True,False,False,2026-09-03,5261.0,2026-09-29,4670.0,2026-09-30,4824.0,4719.0,9.06,8.31,3.3,4988.8,4975.63,4983.75,False,True,
2871.T,ニチレイ,60,False,,0,,反発未確認かつ押し目安値+2%外,反発未確認かつ押し目安値+2%外 | 前日終値超えなし,6,True,True,True,True,True,True,True,False,False,False,2026-07-29,2369.0,2026-08-10,2050.0,2026-09-30,2130.5,2159.0,11.19,10.07,3.93,2167.66,2154.86,2117.49,False,True,
8309.T,三井住友,60,False,,0,,Return<3%,Return<3%,6,False,True,True,True,False,True,True,True,False,True,2026-09-01,1822.5,2026-09-11,1716.0,2026-09-30,1784.0,1750.0,2.16,2.11,3.96,1771.6,1673.55,1625.96,False,True,
8309.T,三井住友,30,False,,0,,Return<3%,Return<3%,6,False,True,True,True,False,True,True,True,False,True,2026-09-01,1822.5,2026-09-11,1716.0,2026-09-30,1784.0,1750.0,2.16,2.11,3.96,1771.6,1673.55,1625.96,False,True,
8306.T,三菱UFJ,30,False,,0,,Return<3%,Return<3%,6,False,True,True,True,False,True,True,True,False,True,2026-09-07,3795.0,2026-09-24,3554.0,2026-09-30,3700.0,3592.0,2.57,2.5,4.11,3654.56,3528.76,3455.31,False,True,
4307.T,,30,False,,0,,反発未確認かつ押し目安値+2%外,反発未確認かつ押し目安値+2%外 | 前日終値超えなし,6,True,True,True,True,True,True,True,False,False,False,2026-09-01,5410.0,2026-09-10,4753.0,2026-09-30,4952.0,4971.0,9.25,8.47,4.19,5084.68,4916.96,4887.39,False,True,
8795.T,T&DHD,60,False,,0,,SMA25<=SMA75,SMA25<=SMA75,6,True,False,True,True,True,True,True,True,False,False,2026-07-27,5176.0,2026-08-24,4675.0,2026-09-30,4877.0,4840.0,6.13,5.78,4.32,4890.92,4902.48,4818.81,False,True,
6301.T,コマツ,60,False,,0,,Return<3%,Return<3%,6,False,True,True,True,False,True,True,True,False,True,2026-09-28,7740.0,2026-09-29,7302.0,2026-09-30,7633.0,7398.0,1.4,1.38,4.53,7371.28,6941.6,6860.89,False,True,
6301.T,コマツ,30,False,,0,,Return<3%,Return<3%,6,False,True,True,True,False,True,True,True,False,True,2026-09-28,7740.0,2026-09-29,7302.0,2026-09-30,7633.0,7398.0,1.4,1.38,4.53,7371.28,6941.6,6860.89,False,True,
5711.T,三菱マテ,60,False,,0,,Drop>15%,Drop>15%,6,True,True,True,False,True,True,True,True,False,False,2026-08-28,6139.0,2026-09-15,4892.0,2026-09-30,5120.0,5030.0,19.9,16.6,4.66,5349.32,4812.39,4789.83,False,True,
